Link,Opleiding,Instelling,Graad,
https://www.studiekeuze123.nl/opleidingen/1981-aarde-en-economie-vrije-universiteit-amsterdam-wo-bachelor,Aarde en Economie,Vrije Universiteit Amsterdam,WO Bachelor,
https://www.studiekeuze123.nl/opleidingen/1444-aardwetenschappen-universiteit-utrecht-wo-bachelor,Aardwetenschappen,Universiteit Utrecht,WO Bachelor,
https://www.studiekeuze123.nl/opleidingen/1446-aardwetenschappen-vrije-universiteit-amsterdam-wo-bachelor,Aardwetenschappen,Vrije Universiteit Amsterdam,WO Bachelor,
https://www.studiekeuze123.nl/opleidingen/1861-accountancy-nyenrode-business-universiteit-wo-bachelor,Accountancy,Nyenrode Business Universiteit,WO Bachelor,
https://www.studiekeuze123.nl/opleidingen/673-actuariele-wetenschappen-universiteit-van-amsterdam-wo-bachelor,Actuariele Wetenschappen,Universiteit van Amsterdam,WO Bachelor,
https://www.studiekeuze123.nl/opleidingen/1898-advanced-technology-universiteit-twente-wo-bachelor,Advanced Technology,Universiteit Twente,WO Bachelor,
https://www.studiekeuze123.nl/opleidingen/782-afrikaanse-talen-en-culturen-universiteit-leiden-wo-bachelor,Afrikaanse talen en culturen,Universiteit Leiden,WO Bachelor,
https://www.studiekeuze123.nl/opleidingen/1738-agrotechnologie-wageningen-university-research-wo-bachelor,Agrotechnologie,Wageningen University,WO Bachelor,
https://www.studiekeuze123.nl/opleidingen/828-algemene-cultuurwetenschappen-tilburg-university-wo-bachelor,Algemene Cultuurwetenschappen,Tilburg University,WO Bachelor,
https://www.studiekeuze123.nl/opleidingen/827-algemene-cultuurwetenschappen-radboud-universiteit-wo-bachelor,Algemene Cultuurwetenschappen,Radboud Universiteit Nijmegen,WO Bachelor,
https://www.studiekeuze123.nl/opleidingen/823-algemene-cultuurwetenschappen-erasmus-universiteit-rotterdam-wo-bachelor,Algemene Cultuurwetenschappen,Erasmus Universiteit Rotterdam,WO Bachelor,
https://www.studiekeuze123.nl/opleidingen/5246-algemene-cultuurwetenschappen-open-universiteit-wo-bachelor,Algemene Cultuurwetenschappen,Open Universiteit,WO Bachelor,
https://www.studiekeuze123.nl/opleidingen/575-american-studies-rijksuniversiteit-groningen-wo-bachelor,American Studies,Rijksuniversiteit Groningen,WO Bachelor,
https://www.studiekeuze123.nl/opleidingen/1343-animal-sciences-wageningen-university-research-wo-bachelor,Animal Sciences,Wageningen University,WO Bachelor,
https://www.studiekeuze123.nl/opleidingen/1548-applied-mathematics-universiteit-twente-wo-bachelor,Applied Mathematics,Universiteit Twente,WO Bachelor,
https://www.studiekeuze123.nl/opleidingen/651-arabische-taal-en-cultuur-universiteit-van-amsterdam-wo-bachelor,Arabische Taal en Cultuur,Universiteit van Amsterdam,WO Bachelor,
https://www.studiekeuze123.nl/opleidingen/915-archeologie-universiteit-leiden-wo-bachelor,Archeologie,Universiteit Leiden,WO Bachelor,
https://www.studiekeuze123.nl/opleidingen/5185-archeologie-vrije-universiteit-amsterdam-wo-bachelor,Archeologie,Vrije Universiteit Amsterdam,WO Bachelor,
https://www.studiekeuze123.nl/opleidingen/916-archeologie-rijksuniversiteit-groningen-wo-bachelor,Archeologie,Rijksuniversiteit Groningen,WO Bachelor,
https://www.studiekeuze123.nl/opleidingen/917-archeologie-en-prehistorie-universiteit-van-amsterdam-wo-bachelor,Archeologie en Prehistorie,Universiteit van Amsterdam,WO Bachelor,
https://www.studiekeuze123.nl/opleidingen/7377-artificial-intelligence-vrije-universiteit-amsterdam-wo-bachelor,Artificial Intelligence,Vrije Universiteit Amsterdam,WO Bachelor,
https://www.studiekeuze123.nl/opleidingen/1646-artificial-intelligence-radboud-universiteit-wo-bachelor,Artificial Intelligence,Radboud Universiteit Nijmegen,WO Bachelor,
https://www.studiekeuze123.nl/opleidingen/11195-bachelor-of-science-in-physiotherapy-somt-wo-bachelor,Bachelor of Science in Physiotherapy,SOMT,WO Bachelor,
https://www.studiekeuze123.nl/opleidingen/1165-bedrijfs-en-consumentenwetenschappen-wageningen-university-research-wo-bachelor,Bedrijfs- en Consumentenwetenschappen,Wageningen University,WO Bachelor,
https://www.studiekeuze123.nl/opleidingen/1074-bedrijfseconomie-tilburg-university-wo-bachelor,Bedrijfseconomie,Tilburg University,WO Bachelor,
https://www.studiekeuze123.nl/opleidingen/7010-bedrijfskunde-open-universiteit-wo-bachelor,Bedrijfskunde,Open Universiteit,WO Bachelor,
https://www.studiekeuze123.nl/opleidingen/1155-bedrijfskunde-rijksuniversiteit-groningen-wo-bachelor,Bedrijfskunde,Rijksuniversiteit Groningen,WO Bachelor,
https://www.studiekeuze123.nl/opleidingen/7008-bedrijfskunde-vrije-universiteit-amsterdam-wo-bachelor,Bedrijfskunde,Vrije Universiteit Amsterdam,WO Bachelor,
https://www.studiekeuze123.nl/opleidingen/7006-bedrijfskunde-erasmus-universiteit-rotterdam-wo-bachelor,Bedrijfskunde,Erasmus Universiteit Rotterdam,WO Bachelor,
https://www.studiekeuze123.nl/opleidingen/6982-bedrijfskunde-radboud-universiteit-wo-bachelor,Bedrijfskunde,Radboud Universiteit Nijmegen,WO Bachelor,
https://www.studiekeuze123.nl/opleidingen/987-bestuurs-en-organisatiewetenschap-vrije-universiteit-amsterdam-wo-bachelor,Bestuurs- en Organisatiewetenschap,Vrije Universiteit Amsterdam,WO Bachelor,
https://www.studiekeuze123.nl/opleidingen/6884-bestuurs-en-organisatiewetenschap-universiteit-utrecht-wo-bachelor,Bestuurs- en Organisatiewetenschap,Universiteit Utrecht,WO Bachelor,
https://www.studiekeuze123.nl/opleidingen/985-bestuurskunde-erasmus-universiteit-rotterdam-wo-bachelor,Bestuurskunde,Erasmus Universiteit Rotterdam,WO Bachelor,
https://www.studiekeuze123.nl/opleidingen/10022-bestuurskunde-universiteit-leiden-wo-bachelor,Bestuurskunde,Universiteit Leiden,WO Bachelor,
https://www.studiekeuze123.nl/opleidingen/989-bestuurskunde-tilburg-university-wo-bachelor,Bestuurskunde,Tilburg University,WO Bachelor,
https://www.studiekeuze123.nl/opleidingen/988-bestuurskunde-radboud-universiteit-wo-bachelor,Bestuurskunde,Radboud Universiteit Nijmegen,WO Bachelor,
https://www.studiekeuze123.nl/opleidingen/1366-bewegingswetenschappen-vrije-universiteit-amsterdam-wo-bachelor,Bewegingswetenschappen,Vrije Universiteit Amsterdam,WO Bachelor,
https://www.studiekeuze123.nl/opleidingen/1365-bewegingswetenschappen-rijksuniversiteit-groningen-wo-bachelor,Bewegingswetenschappen,Rijksuniversiteit Groningen,WO Bachelor,
https://www.studiekeuze123.nl/opleidingen/7367-bio-farmaceutische-wetenschappen-universiteit-leiden-wo-bachelor,Bio-Farmaceutische Wetenschappen,Universiteit Leiden,WO Bachelor,
https://www.studiekeuze123.nl/opleidingen/1467-biologie-rijksuniversiteit-groningen-wo-bachelor,Biologie,Rijksuniversiteit Groningen,WO Bachelor,
https://www.studiekeuze123.nl/opleidingen/1468-biologie-universiteit-utrecht-wo-bachelor,Biologie,Universiteit Utrecht,WO Bachelor,
https://www.studiekeuze123.nl/opleidingen/1471-biologie-vrije-universiteit-amsterdam-wo-bachelor,Biologie,Vrije Universiteit Amsterdam,WO Bachelor,
https://www.studiekeuze123.nl/opleidingen/1470-biologie-universiteit-van-amsterdam-wo-bachelor,Biologie,Universiteit van Amsterdam,WO Bachelor,
https://www.studiekeuze123.nl/opleidingen/1469-biologie-wageningen-university-research-wo-bachelor,Biologie,Wageningen University,WO Bachelor,
https://www.studiekeuze123.nl/opleidingen/1466-biologie-universiteit-leiden-wo-bachelor,Biologie,Universiteit Leiden,WO Bachelor,
https://www.studiekeuze123.nl/opleidingen/1472-biology-radboud-universiteit-wo-bachelor,Biology,Radboud Universiteit Nijmegen,WO Bachelor,
https://www.studiekeuze123.nl/opleidingen/1363-biomedical-sciences-vrije-universiteit-amsterdam-wo-bachelor,Biomedical Sciences,Vrije Universiteit Amsterdam,WO Bachelor,
https://www.studiekeuze123.nl/opleidingen/1734-biomedische-technologie-technische-universiteit-eindhoven-wo-bachelor,Biomedische Technologie,Technische Universiteit Eindhoven,WO Bachelor,
https://www.studiekeuze123.nl/opleidingen/1735-biomedische-technologie-universiteit-twente-wo-bachelor,Biomedische Technologie,Universiteit Twente,WO Bachelor,
https://www.studiekeuze123.nl/opleidingen/20329-biomedische-technologie-rijksuniversiteit-groningen-wo-bachelor,Biomedische Technologie,Rijksuniversiteit Groningen,WO Bachelor,
https://www.studiekeuze123.nl/opleidingen/1359-biomedische-wetenschappen-universiteit-leiden-wo-bachelor,Biomedische Wetenschappen,Universiteit Leiden,WO Bachelor,
https://www.studiekeuze123.nl/opleidingen/7846-biomedische-wetenschappen-maastricht-university-wo-bachelor,Biomedische Wetenschappen,Universiteit Maastricht,WO Bachelor,
https://www.studiekeuze123.nl/opleidingen/20054-biomedische-wetenschappen-radboud-universiteit-wo-bachelor,Biomedische Wetenschappen,Radboud Universiteit Nijmegen,WO Bachelor,
https://www.studiekeuze123.nl/opleidingen/1360-biomedische-wetenschappen-universiteit-utrecht-wo-bachelor,Biomedische Wetenschappen,Universiteit Utrecht,WO Bachelor,
https://www.studiekeuze123.nl/opleidingen/1362-biomedische-wetenschappen-universiteit-van-amsterdam-wo-bachelor,Biomedische Wetenschappen,Universiteit van Amsterdam,WO Bachelor,
https://www.studiekeuze123.nl/opleidingen/1818-biotechnologie-wageningen-university-research-wo-bachelor,Biotechnologie,Wageningen University,WO Bachelor,
https://www.studiekeuze123.nl/opleidingen/1443-bos-en-natuurbeheer-wageningen-university-research-wo-bachelor,Bos- en Natuurbeheer,Wageningen University,WO Bachelor,
https://www.studiekeuze123.nl/opleidingen/1762-bouwkunde-technische-universiteit-delft-wo-bachelor,Bouwkunde,Technische Universiteit Delft,WO Bachelor,
https://www.studiekeuze123.nl/opleidingen/1763-bouwkunde-technische-universiteit-eindhoven-wo-bachelor,Bouwkunde,Technische Universiteit Eindhoven,WO Bachelor,
https://www.studiekeuze123.nl/opleidingen/19001-business-administration-universiteit-van-amsterdam-wo-bachelor,Business Administration,Universiteit van Amsterdam,WO Bachelor,
https://www.studiekeuze123.nl/opleidingen/11248-business-administration-nyenrode-business-universiteit-wo-bachelor,Business Administration,Nyenrode Business Universiteit,WO Bachelor,
https://www.studiekeuze123.nl/opleidingen/1549-business-analytics-vrije-universiteit-amsterdam-wo-bachelor,Business Analytics,Vrije Universiteit Amsterdam,WO Bachelor,
https://www.studiekeuze123.nl/opleidingen/20336-business-engineering-maastricht-university-wo-bachelor,Business Engineering,Universiteit Maastricht,WO Bachelor,
https://www.studiekeuze123.nl/opleidingen/1698-business-information-technology-universiteit-twente-wo-bachelor,Business Information Technology,Universiteit Twente,WO Bachelor,
https://www.studiekeuze123.nl/opleidingen/1562-beta-gamma-universiteit-van-amsterdam-wo-bachelor,Beta-gamma,Universiteit van Amsterdam,WO Bachelor,
https://www.studiekeuze123.nl/opleidingen/1654-chemistry-radboud-universiteit-wo-bachelor,Chemistry,Radboud Universiteit Nijmegen,WO Bachelor,
https://www.studiekeuze123.nl/opleidingen/778-chinastudies-universiteit-leiden-wo-bachelor,Chinastudies,Universiteit Leiden,WO Bachelor,
https://www.studiekeuze123.nl/opleidingen/1765-civiele-techniek-universiteit-twente-wo-bachelor,Civiele Techniek,Universiteit Twente,WO Bachelor,
https://www.studiekeuze123.nl/opleidingen/1764-civiele-techniek-technische-universiteit-delft-wo-bachelor,Civiele Techniek,Technische Universiteit Delft,WO Bachelor,
https://www.studiekeuze123.nl/opleidingen/20165-cognition-language-and-communication-universiteit-van-amsterdam-wo-bachelor,"Cognition, Language and Communication",Universiteit van Amsterdam,WO Bachelor,
https://www.studiekeuze123.nl/opleidingen/20309-cognitive-science-and-artificial-intelligence-tilburg-university-wo-bachelor,Cognitive Science and Artificial Intelligence,Tilburg University,WO Bachelor,
https://www.studiekeuze123.nl/opleidingen/1857-communicatie-en-life-sciences-wageningen-university-research-wo-bachelor,Communicatie en Life Sciences,Wageningen University,WO Bachelor,
https://www.studiekeuze123.nl/opleidingen/610-communicatie-en-informatiewetenschappen-radboud-universiteit-wo-bachelor,Communicatie- en Informatiewetenschappen,Radboud Universiteit Nijmegen,WO Bachelor,
https://www.studiekeuze123.nl/opleidingen/611-communicatie-en-informatiewetenschappen-tilburg-university-wo-bachelor,Communicatie- en Informatiewetenschappen,Tilburg University,WO Bachelor,
https://www.studiekeuze123.nl/opleidingen/609-communicatie-en-informatiewetenschappen-vrije-universiteit-amsterdam-wo-bachelor,Communicatie- en Informatiewetenschappen,Vrije Universiteit Amsterdam,WO Bachelor,
https://www.studiekeuze123.nl/opleidingen/607-communicatie-en-informatiewetenschappen-universiteit-utrecht-wo-bachelor,Communicatie- en Informatiewetenschappen,Universiteit Utrecht,WO Bachelor,
https://www.studiekeuze123.nl/opleidingen/606-communicatie-en-informatiewetenschappen-rijksuniversiteit-groningen-wo-bachelor,Communicatie- en Informatiewetenschappen,Rijksuniversiteit Groningen,WO Bachelor,
https://www.studiekeuze123.nl/opleidingen/605-communicatiewetenschap-radboud-universiteit-wo-bachelor,Communicatiewetenschap,Radboud Universiteit Nijmegen,WO Bachelor,
https://www.studiekeuze123.nl/opleidingen/602-communicatiewetenschap-universiteit-twente-wo-bachelor,Communicatiewetenschap,Universiteit Twente,WO Bachelor,
https://www.studiekeuze123.nl/opleidingen/603-communicatiewetenschap-universiteit-van-amsterdam-wo-bachelor,Communicatiewetenschap,Universiteit van Amsterdam,WO Bachelor,
https://www.studiekeuze123.nl/opleidingen/604-communicatiewetenschap-vrije-universiteit-amsterdam-wo-bachelor,Communicatiewetenschap,Vrije Universiteit Amsterdam,WO Bachelor,
https://www.studiekeuze123.nl/opleidingen/1571-computer-science-vrije-universiteit-amsterdam-wo-bachelor,Computer Science,Vrije Universiteit Amsterdam,WO Bachelor,
https://www.studiekeuze123.nl/opleidingen/1572-computing-science-radboud-universiteit-wo-bachelor,Computing Science,Radboud Universiteit Nijmegen,WO Bachelor,
https://www.studiekeuze123.nl/opleidingen/7842-creative-technology-universiteit-twente-wo-bachelor,Creative Technology,Universiteit Twente,WO Bachelor,
https://www.studiekeuze123.nl/opleidingen/974-criminologie-universiteit-leiden-wo-bachelor,Criminologie,Universiteit Leiden,WO Bachelor,
https://www.studiekeuze123.nl/opleidingen/975-criminologie-erasmus-universiteit-rotterdam-wo-bachelor,Criminologie,Erasmus Universiteit Rotterdam,WO Bachelor,
https://www.studiekeuze123.nl/opleidingen/976-criminologie-vrije-universiteit-amsterdam-wo-bachelor,Criminologie,Vrije Universiteit Amsterdam,WO Bachelor,
https://www.studiekeuze123.nl/opleidingen/1316-culturele-antropologie-en-ontwikkelingssociologie-universiteit-leiden-wo-bachelor,Culturele Antropologie en Ontwikkelingssociologie,Universiteit Leiden,WO Bachelor,
https://www.studiekeuze123.nl/opleidingen/4969-culturele-antropologie-en-ontwikkelingssociologie-vrije-universiteit-amsterdam-wo-bachelor,Culturele Antropologie en Ontwikkelingssociologie,Vrije Universiteit Amsterdam,WO Bachelor,
https://www.studiekeuze123.nl/opleidingen/6886-culturele-antropologie-en-ontwikkelingssociologie-universiteit-van-amsterdam-wo-bachelor,Culturele Antropologie en Ontwikkelingssociologie,Universiteit van Amsterdam,WO Bachelor,
https://www.studiekeuze123.nl/opleidingen/7001-culturele-antropologie-en-ontwikkelingssociologie-radboud-universiteit-wo-bachelor,Culturele Antropologie en Ontwikkelingssociologie,Radboud Universiteit Nijmegen,WO Bachelor,
https://www.studiekeuze123.nl/opleidingen/6885-culturele-antropologie-en-ontwikkelingssociologie-universiteit-utrecht-wo-bachelor,Culturele Antropologie en Ontwikkelingssociologie,Universiteit Utrecht,WO Bachelor,
https://www.studiekeuze123.nl/opleidingen/19871-cultuurwetenschappen-universiteit-van-amsterdam-wo-bachelor,Cultuurwetenschappen,Universiteit van Amsterdam,WO Bachelor,
https://www.studiekeuze123.nl/opleidingen/824-cultuurwetenschappen-maastricht-university-wo-bachelor,Cultuurwetenschappen,Universiteit Maastricht,WO Bachelor,
https://www.studiekeuze123.nl/opleidingen/11298-data-science-joint-degree-technische-universiteit-eindhoven-wo-bachelor,Data Science,Tilburg University,WO Bachelor,
https://www.studiekeuze123.nl/opleidingen/1647-data-science-and-knowledge-engineering-maastricht-university-wo-bachelor,Data Science and Knowledge Engineering,Universiteit Maastricht,WO Bachelor,
https://www.studiekeuze123.nl/opleidingen/1342-diergeneeskunde-universiteit-utrecht-wo-bachelor,Diergeneeskunde,Universiteit Utrecht,WO Bachelor,
https://www.studiekeuze123.nl/opleidingen/20303-digital-society-maastricht-university-wo-bachelor,Digital Society,Universiteit Maastricht,WO Bachelor,
https://www.studiekeuze123.nl/opleidingen/546-duitse-taal-en-cultuur-radboud-universiteit-wo-bachelor,Duitse Taal en Cultuur,Radboud Universiteit Nijmegen,WO Bachelor,
https://www.studiekeuze123.nl/opleidingen/544-duitse-taal-en-cultuur-universiteit-van-amsterdam-wo-bachelor,Duitse Taal en Cultuur,Universiteit van Amsterdam,WO Bachelor,
https://www.studiekeuze123.nl/opleidingen/543-duitse-taal-en-cultuur-universiteit-utrecht-wo-bachelor,Duitse Taal en Cultuur,Universiteit Utrecht,WO Bachelor,
https://www.studiekeuze123.nl/opleidingen/541-duitse-taal-en-cultuur-universiteit-leiden-wo-bachelor,Duitse Taal en Cultuur,Universiteit Leiden,WO Bachelor,
https://www.studiekeuze123.nl/opleidingen/672-econometrie-universiteit-van-amsterdam-wo-bachelor,Econometrie,Universiteit van Amsterdam,WO Bachelor,
https://www.studiekeuze123.nl/opleidingen/7019-econometrie-en-operationele-research-maastricht-university-wo-bachelor,Econometrie en Operationele Research,Universiteit Maastricht,WO Bachelor,
https://www.studiekeuze123.nl/opleidingen/6988-econometrie-en-operationele-research-erasmus-universiteit-rotterdam-wo-bachelor,Econometrie en Operationele Research,Erasmus Universiteit Rotterdam,WO Bachelor,
https://www.studiekeuze123.nl/opleidingen/6899-econometrie-en-operationele-research-rijksuniversiteit-groningen-wo-bachelor,Econometrie en Operationele Research,Rijksuniversiteit Groningen,WO Bachelor,
https://www.studiekeuze123.nl/opleidingen/674-econometrie-en-operationele-research-vrije-universiteit-amsterdam-wo-bachelor,Econometrie en Operationele Research,Vrije Universiteit Amsterdam,WO Bachelor,
https://www.studiekeuze123.nl/opleidingen/675-econometrie-en-operationele-research-tilburg-university-wo-bachelor,Econometrie en Operationele Research,Tilburg University,WO Bachelor,
https://www.studiekeuze123.nl/opleidingen/1067-economics-and-business-economics-universiteit-van-amsterdam-wo-bachelor,Economics and Business Economics,Universiteit van Amsterdam,WO Bachelor,
https://www.studiekeuze123.nl/opleidingen/6987-economie-tilburg-university-wo-bachelor,Economie,Tilburg University,WO Bachelor,
https://www.studiekeuze123.nl/opleidingen/6889-economie-en-bedrijfseconomie-universiteit-utrecht-wo-bachelor,Economie en Bedrijfseconomie,Universiteit Utrecht,WO Bachelor,
https://www.studiekeuze123.nl/opleidingen/1064-economie-en-bedrijfseconomie-erasmus-universiteit-rotterdam-wo-bachelor,Economie en Bedrijfseconomie,Erasmus Universiteit Rotterdam,WO Bachelor,
https://www.studiekeuze123.nl/opleidingen/7032-economie-en-bedrijfseconomie-rijksuniversiteit-groningen-wo-bachelor,Economie en Bedrijfseconomie,Rijksuniversiteit Groningen,WO Bachelor,
https://www.studiekeuze123.nl/opleidingen/7844-economie-en-bedrijfseconomie-radboud-universiteit-wo-bachelor,Economie en Bedrijfseconomie,Radboud Universiteit Nijmegen,WO Bachelor,
https://www.studiekeuze123.nl/opleidingen/7017-economie-en-bedrijfseconomie-tilburg-university-wo-bachelor,Economie en Bedrijfseconomie,Tilburg University,WO Bachelor,
https://www.studiekeuze123.nl/opleidingen/7016-economie-en-bedrijfseconomie-maastricht-university-wo-bachelor,Economie en Bedrijfseconomie,Universiteit Maastricht,WO Bachelor,
https://www.studiekeuze123.nl/opleidingen/1068-economie-en-bedrijfseconomie-vrije-universiteit-amsterdam-wo-bachelor,Economie en Bedrijfseconomie,Vrije Universiteit Amsterdam,WO Bachelor,
https://www.studiekeuze123.nl/opleidingen/1065-economie-en-beleid-wageningen-university-research-wo-bachelor,Economie en Beleid,Wageningen University,WO Bachelor,
https://www.studiekeuze123.nl/opleidingen/1708-electrical-engineering-universiteit-twente-wo-bachelor,Electrical Engineering,Universiteit Twente,WO Bachelor,
https://www.studiekeuze123.nl/opleidingen/1706-electrical-engineering-technische-universiteit-delft-wo-bachelor,Electrical Engineering,Technische Universiteit Delft,WO Bachelor,
https://www.studiekeuze123.nl/opleidingen/1707-electrical-engineering-technische-universiteit-eindhoven-wo-bachelor,Electrical Engineering,Technische Universiteit Eindhoven,WO Bachelor,
https://www.studiekeuze123.nl/opleidingen/520-engelse-taal-en-cultuur-universiteit-leiden-wo-bachelor,Engelse Taal en Cultuur,Universiteit Leiden,WO Bachelor,
https://www.studiekeuze123.nl/opleidingen/523-engelse-taal-en-cultuur-universiteit-van-amsterdam-wo-bachelor,Engelse Taal en Cultuur,Universiteit van Amsterdam,WO Bachelor,
https://www.studiekeuze123.nl/opleidingen/525-engelse-taal-en-cultuur-radboud-universiteit-wo-bachelor,Engelse Taal en Cultuur,Radboud Universiteit Nijmegen,WO Bachelor,
https://www.studiekeuze123.nl/opleidingen/522-english-language-and-culture-universiteit-utrecht-wo-bachelor,English Language and Culture,Universiteit Utrecht,WO Bachelor,
https://www.studiekeuze123.nl/opleidingen/9922-english-language-and-culture-rijksuniversiteit-groningen-wo-bachelor,English Language and Culture,Rijksuniversiteit Groningen,WO Bachelor,
https://www.studiekeuze123.nl/opleidingen/20349-entrepreneurship-and-business-innovation-tilburg-university-wo-bachelor,Entrepreneurship and Business Innovation,Tilburg University,WO Bachelor,
https://www.studiekeuze123.nl/opleidingen/1451-environmental-sciences-wageningen-university-research-wo-bachelor,Environmental Sciences,Wageningen University,WO Bachelor,
https://www.studiekeuze123.nl/opleidingen/1057-european-law-school-maastricht-university-wo-bachelor,European Law School,Universiteit Maastricht,WO Bachelor,
https://www.studiekeuze123.nl/opleidingen/9030-european-law-school-radboud-universiteit-wo-bachelor,European Law School,Radboud Universiteit Nijmegen,WO Bachelor,
https://www.studiekeuze123.nl/opleidingen/1852-european-public-health-maastricht-university-wo-bachelor,European Public Health,Universiteit Maastricht,WO Bachelor,
https://www.studiekeuze123.nl/opleidingen/574-europese-studies-universiteit-van-amsterdam-wo-bachelor,Europese Studies,Universiteit van Amsterdam,WO Bachelor,
https://www.studiekeuze123.nl/opleidingen/7018-europese-studies-maastricht-university-wo-bachelor,Europese Studies,Universiteit Maastricht,WO Bachelor,
https://www.studiekeuze123.nl/opleidingen/10021-europese-talen-en-culturen-rijksuniversiteit-groningen-wo-bachelor,Europese Talen en Culturen,Rijksuniversiteit Groningen,WO Bachelor,
https://www.studiekeuze123.nl/opleidingen/1352-farmaceutische-wetenschappen-vrije-universiteit-amsterdam-wo-bachelor,Farmaceutische Wetenschappen,Vrije Universiteit Amsterdam,WO Bachelor,
https://www.studiekeuze123.nl/opleidingen/1349-farmacie-universiteit-utrecht-wo-bachelor,Farmacie,Universiteit Utrecht,WO Bachelor,
https://www.studiekeuze123.nl/opleidingen/1348-farmacie-rijksuniversiteit-groningen-wo-bachelor,Farmacie,Rijksuniversiteit Groningen,WO Bachelor,
https://www.studiekeuze123.nl/opleidingen/8082-film-en-literatuurwetenschap-universiteit-leiden-wo-bachelor,Film- en Literatuurwetenschap,Universiteit Leiden,WO Bachelor,
https://www.studiekeuze123.nl/opleidingen/792-filosofie-erasmus-universiteit-rotterdam-wo-bachelor,Filosofie,Erasmus Universiteit Rotterdam,WO Bachelor,
https://www.studiekeuze123.nl/opleidingen/789-filosofie-universiteit-leiden-wo-bachelor,Filosofie,Universiteit Leiden,WO Bachelor,
https://www.studiekeuze123.nl/opleidingen/791-filosofie-universiteit-utrecht-wo-bachelor,Filosofie,Universiteit Utrecht,WO Bachelor,
https://www.studiekeuze123.nl/opleidingen/790-filosofie-rijksuniversiteit-groningen-wo-bachelor,Filosofie,Rijksuniversiteit Groningen,WO Bachelor,
https://www.studiekeuze123.nl/opleidingen/798-filosofie-radboud-universiteit-wo-bachelor,Filosofie,Radboud Universiteit Nijmegen,WO Bachelor,
https://www.studiekeuze123.nl/opleidingen/799-filosofie-tilburg-university-wo-bachelor,Filosofie,Tilburg University,WO Bachelor,
https://www.studiekeuze123.nl/opleidingen/796-filosofie-universiteit-van-amsterdam-wo-bachelor,Filosofie,Universiteit van Amsterdam,WO Bachelor,
https://www.studiekeuze123.nl/opleidingen/797-filosofie-vrije-universiteit-amsterdam-wo-bachelor,Filosofie,Vrije Universiteit Amsterdam,WO Bachelor,
https://www.studiekeuze123.nl/opleidingen/793-filosofie-van-een-bepaald-wetenschapsgebied-erasmus-universiteit-rotterdam-wo-bachelor,Filosofie van een Bepaald Wetenschapsgebied,Erasmus Universiteit Rotterdam,WO Bachelor,
https://www.studiekeuze123.nl/opleidingen/794-filosofie-van-een-bepaald-wetenschapsgebied-rijksuniversiteit-groningen-wo-bachelor,Filosofie van een Bepaald Wetenschapsgebied,Rijksuniversiteit Groningen,WO Bachelor,
https://www.studiekeuze123.nl/opleidingen/1052-fiscaal-recht-erasmus-universiteit-rotterdam-wo-bachelor,Fiscaal Recht,Erasmus Universiteit Rotterdam,WO Bachelor,
https://www.studiekeuze123.nl/opleidingen/1054-fiscaal-recht-universiteit-van-amsterdam-wo-bachelor,Fiscaal Recht,Universiteit van Amsterdam,WO Bachelor,
https://www.studiekeuze123.nl/opleidingen/1055-fiscaal-recht-tilburg-university-wo-bachelor,Fiscaal Recht,Tilburg University,WO Bachelor,
https://www.studiekeuze123.nl/opleidingen/1053-fiscaal-recht-maastricht-university-wo-bachelor,Fiscaal Recht,Universiteit Maastricht,WO Bachelor,
https://www.studiekeuze123.nl/opleidingen/1050-fiscaal-recht-universiteit-leiden-wo-bachelor,Fiscaal Recht,Universiteit Leiden,WO Bachelor,
https://www.studiekeuze123.nl/opleidingen/677-fiscale-economie-erasmus-universiteit-rotterdam-wo-bachelor,Fiscale Economie,Erasmus Universiteit Rotterdam,WO Bachelor,
https://www.studiekeuze123.nl/opleidingen/678-fiscale-economie-maastricht-university-wo-bachelor,Fiscale Economie,Universiteit Maastricht,WO Bachelor,
https://www.studiekeuze123.nl/opleidingen/680-fiscale-economie-tilburg-university-wo-bachelor,Fiscale Economie,Tilburg University,WO Bachelor,
https://www.studiekeuze123.nl/opleidingen/679-fiscale-economie-universiteit-van-amsterdam-wo-bachelor,Fiscale Economie,Universiteit van Amsterdam,WO Bachelor,
https://www.studiekeuze123.nl/opleidingen/1819-food-technology-wageningen-university-research-wo-bachelor,Food Technology,Wageningen University,WO Bachelor,
https://www.studiekeuze123.nl/opleidingen/526-franse-taal-en-cultuur-universiteit-leiden-wo-bachelor,Franse Taal en Cultuur,Universiteit Leiden,WO Bachelor,
https://www.studiekeuze123.nl/opleidingen/528-franse-taal-en-cultuur-universiteit-van-amsterdam-wo-bachelor,Franse Taal en Cultuur,Universiteit van Amsterdam,WO Bachelor,
https://www.studiekeuze123.nl/opleidingen/527-franse-taal-en-cultuur-universiteit-utrecht-wo-bachelor,Franse Taal en Cultuur,Universiteit Utrecht,WO Bachelor,
https://www.studiekeuze123.nl/opleidingen/9923-future-planet-studies-universiteit-van-amsterdam-wo-bachelor,Future Planet Studies,Universiteit van Amsterdam,WO Bachelor,
https://www.studiekeuze123.nl/opleidingen/1333-geneeskunde-universiteit-leiden-wo-bachelor,Geneeskunde,Universiteit Leiden,WO Bachelor,
https://www.studiekeuze123.nl/opleidingen/1336-geneeskunde-erasmus-universiteit-rotterdam-wo-bachelor,Geneeskunde,Erasmus Universiteit Rotterdam,WO Bachelor,
https://www.studiekeuze123.nl/opleidingen/1337-geneeskunde-maastricht-university-wo-bachelor,Geneeskunde,Universiteit Maastricht,WO Bachelor,
https://www.studiekeuze123.nl/opleidingen/1334-geneeskunde-rijksuniversiteit-groningen-wo-bachelor,Geneeskunde,Rijksuniversiteit Groningen,WO Bachelor,
https://www.studiekeuze123.nl/opleidingen/1339-geneeskunde-vrije-universiteit-amsterdam-wo-bachelor,Geneeskunde,Vrije Universiteit Amsterdam,WO Bachelor,
https://www.studiekeuze123.nl/opleidingen/1335-geneeskunde-universiteit-utrecht-wo-bachelor,Geneeskunde,Universiteit Utrecht,WO Bachelor,
https://www.studiekeuze123.nl/opleidingen/1338-geneeskunde-amc-uva-universiteit-van-amsterdam-wo-bachelor,Geneeskunde,Universiteit van Amsterdam,WO Bachelor,
https://www.studiekeuze123.nl/opleidingen/1340-geneeskunde-radboud-universiteit-wo-bachelor,Geneeskunde,Radboud Universiteit Nijmegen,WO Bachelor,
https://www.studiekeuze123.nl/opleidingen/9480-geografie-planologie-en-milieu-radboud-universiteit-wo-bachelor,"Geografie, Planologie en Milieu",Radboud Universiteit Nijmegen,WO Bachelor,
https://www.studiekeuze123.nl/opleidingen/813-geschiedenis-erasmus-universiteit-rotterdam-wo-bachelor,Geschiedenis,Erasmus Universiteit Rotterdam,WO Bachelor,
https://www.studiekeuze123.nl/opleidingen/810-geschiedenis-universiteit-leiden-wo-bachelor,Geschiedenis,Universiteit Leiden,WO Bachelor,
https://www.studiekeuze123.nl/opleidingen/811-geschiedenis-rijksuniversiteit-groningen-wo-bachelor,Geschiedenis,Rijksuniversiteit Groningen,WO Bachelor,
https://www.studiekeuze123.nl/opleidingen/814-geschiedenis-universiteit-van-amsterdam-wo-bachelor,Geschiedenis,Universiteit van Amsterdam,WO Bachelor,
https://www.studiekeuze123.nl/opleidingen/815-geschiedenis-vrije-universiteit-amsterdam-wo-bachelor,Geschiedenis,Vrije Universiteit Amsterdam,WO Bachelor,
https://www.studiekeuze123.nl/opleidingen/812-geschiedenis-universiteit-utrecht-wo-bachelor,Geschiedenis,Universiteit Utrecht,WO Bachelor,
https://www.studiekeuze123.nl/opleidingen/816-geschiedenis-radboud-universiteit-wo-bachelor,Geschiedenis,Radboud Universiteit Nijmegen,WO Bachelor,
https://www.studiekeuze123.nl/opleidingen/1916-gezondheid-en-leven-vrije-universiteit-amsterdam-wo-bachelor,Gezondheid en Leven,Vrije Universiteit Amsterdam,WO Bachelor,
https://www.studiekeuze123.nl/opleidingen/1356-gezondheid-en-maatschappij-wageningen-university-research-wo-bachelor,Gezondheid en Maatschappij,Wageningen University,WO Bachelor,
https://www.studiekeuze123.nl/opleidingen/5120-gezondheidswetenschappen-vrije-universiteit-amsterdam-wo-bachelor,Gezondheidswetenschappen,Vrije Universiteit Amsterdam,WO Bachelor,
https://www.studiekeuze123.nl/opleidingen/6892-gezondheidswetenschappen-universiteit-twente-wo-bachelor,Gezondheidswetenschappen,Universiteit Twente,WO Bachelor,
https://www.studiekeuze123.nl/opleidingen/6893-gezondheidswetenschappen-maastricht-university-wo-bachelor,Gezondheidswetenschappen,Universiteit Maastricht,WO Bachelor,
https://www.studiekeuze123.nl/opleidingen/1354-gezondheidswetenschappen-erasmus-universiteit-rotterdam-wo-bachelor,Gezondheidswetenschappen,Erasmus Universiteit Rotterdam,WO Bachelor,
https://www.studiekeuze123.nl/opleidingen/9927-global-law-tilburg-university-wo-bachelor,Global Law,Tilburg University,WO Bachelor,
https://www.studiekeuze123.nl/opleidingen/20063-global-responsibility-and-leadership-rijksuniversiteit-groningen-wo-bachelor,Global Responsibility and Leadership,Rijksuniversiteit Groningen,WO Bachelor,
https://www.studiekeuze123.nl/opleidingen/20348-global-studies-maastricht-university-wo-bachelor,Global Studies,Universiteit Maastricht,WO Bachelor,
https://www.studiekeuze123.nl/opleidingen/19071-global-sustainability-science-universiteit-utrecht-wo-bachelor,Global Sustainability Science,Universiteit Utrecht,WO Bachelor,
https://www.studiekeuze123.nl/opleidingen/559-griekse-en-latijnse-taal-en-cultuur-vrije-universiteit-amsterdam-wo-bachelor,Griekse en Latijnse Taal en Cultuur,Vrije Universiteit Amsterdam,WO Bachelor,
https://www.studiekeuze123.nl/opleidingen/555-griekse-en-latijnse-taal-en-cultuur-rijksuniversiteit-groningen-wo-bachelor,Griekse en Latijnse Taal en Cultuur,Rijksuniversiteit Groningen,WO Bachelor,
https://www.studiekeuze123.nl/opleidingen/554-griekse-en-latijnse-taal-en-cultuur-universiteit-leiden-wo-bachelor,Griekse en Latijnse Taal en Cultuur,Universiteit Leiden,WO Bachelor,
https://www.studiekeuze123.nl/opleidingen/556-griekse-en-latijnse-taal-en-cultuur-universiteit-van-amsterdam-wo-bachelor,Griekse en Latijnse Taal en Cultuur,Universiteit van Amsterdam,WO Bachelor,
https://www.studiekeuze123.nl/opleidingen/560-griekse-en-latijnse-taal-en-cultuur-radboud-universiteit-wo-bachelor,Griekse en Latijnse Taal en Cultuur,Radboud Universiteit Nijmegen,WO Bachelor,
https://www.studiekeuze123.nl/opleidingen/652-hebreeuwse-taal-en-cultuur-universiteit-van-amsterdam-wo-bachelor,Hebreeuwse Taal en Cultuur,Universiteit van Amsterdam,WO Bachelor,
https://www.studiekeuze123.nl/opleidingen/5070-humanistiek-universiteit-voor-humanistiek-wo-bachelor,Humanistiek,Universiteit voor Humanistiek,WO Bachelor,
https://www.studiekeuze123.nl/opleidingen/7369-industrial-design-technische-universiteit-eindhoven-wo-bachelor,Industrial Design,Technische Universiteit Eindhoven,WO Bachelor,
https://www.studiekeuze123.nl/opleidingen/912-industrieel-ontwerpen-technische-universiteit-delft-wo-bachelor,Industrieel Ontwerpen,Technische Universiteit Delft,WO Bachelor,
https://www.studiekeuze123.nl/opleidingen/914-industrieel-ontwerpen-universiteit-twente-wo-bachelor,Industrieel Ontwerpen,Universiteit Twente,WO Bachelor,
https://www.studiekeuze123.nl/opleidingen/7376-informatica-universiteit-leiden-wo-bachelor,Informatica,Universiteit Leiden,WO Bachelor,
https://www.studiekeuze123.nl/opleidingen/1570-informatica-universiteit-van-amsterdam-wo-bachelor,Informatica,Universiteit van Amsterdam,WO Bachelor,
https://www.studiekeuze123.nl/opleidingen/1567-informatica-universiteit-leiden-wo-bachelor,Informatica,Universiteit Leiden,WO Bachelor,
https://www.studiekeuze123.nl/opleidingen/1569-informatica-universiteit-utrecht-wo-bachelor,Informatica,Universiteit Utrecht,WO Bachelor,
https://www.studiekeuze123.nl/opleidingen/5360-informatica-open-universiteit-wo-bachelor,Informatica,Open Universiteit,WO Bachelor,
https://www.studiekeuze123.nl/opleidingen/1568-informatica-rijksuniversiteit-groningen-wo-bachelor,Informatica,Rijksuniversiteit Groningen,WO Bachelor,
https://www.studiekeuze123.nl/opleidingen/1692-informatiekunde-rijksuniversiteit-groningen-wo-bachelor,Informatiekunde,Rijksuniversiteit Groningen,WO Bachelor,
https://www.studiekeuze123.nl/opleidingen/9693-informatiekunde-open-universiteit-wo-bachelor,Informatiekunde,Open Universiteit,WO Bachelor,
https://www.studiekeuze123.nl/opleidingen/1693-informatiekunde-universiteit-utrecht-wo-bachelor,Informatiekunde,Universiteit Utrecht,WO Bachelor,
https://www.studiekeuze123.nl/opleidingen/1694-informatiekunde-universiteit-van-amsterdam-wo-bachelor,Informatiekunde,Universiteit van Amsterdam,WO Bachelor,
https://www.studiekeuze123.nl/opleidingen/1312-interdisciplinaire-sociale-wetenschap-universiteit-utrecht-wo-bachelor,Interdisciplinaire sociale wetenschap,Universiteit Utrecht,WO Bachelor,
https://www.studiekeuze123.nl/opleidingen/6898-interdisciplinaire-sociale-wetenschap-universiteit-van-amsterdam-wo-bachelor,Interdisciplinaire sociale wetenschap,Universiteit van Amsterdam,WO Bachelor,
https://www.studiekeuze123.nl/opleidingen/7059-international-bachelors-programme-in-communication-and-media-erasmus-universiteit-rotterdam-wo-bachelor,International Bachelor's Programme in Communication and Media,Erasmus Universiteit Rotterdam,WO Bachelor,
https://www.studiekeuze123.nl/opleidingen/1167-international-business-maastricht-university-wo-bachelor,International Business,Universiteit Maastricht,WO Bachelor,
https://www.studiekeuze123.nl/opleidingen/9250-international-business-rijksuniversiteit-groningen-wo-bachelor,International Business,Rijksuniversiteit Groningen,WO Bachelor,
https://www.studiekeuze123.nl/opleidingen/10094-international-business-administration-universiteit-twente-wo-bachelor,International Business Administration,Universiteit Twente,WO Bachelor,
https://www.studiekeuze123.nl/opleidingen/1168-international-business-administration-vrije-universiteit-amsterdam-wo-bachelor,International Business Administration,Vrije Universiteit Amsterdam,WO Bachelor,
https://www.studiekeuze123.nl/opleidingen/1166-international-business-administration-erasmus-universiteit-rotterdam-wo-bachelor,International Business Administration,Erasmus Universiteit Rotterdam,WO Bachelor,
https://www.studiekeuze123.nl/opleidingen/6986-international-business-administration-tilburg-university-wo-bachelor,International Business Administration,Tilburg University,WO Bachelor,
https://www.studiekeuze123.nl/opleidingen/1322-international-land-and-water-management-wageningen-university-research-wo-bachelor,International Land and Water Management,Wageningen University,WO Bachelor,
https://www.studiekeuze123.nl/opleidingen/11060-international-studies-universiteit-leiden-wo-bachelor,International Studies,Universiteit Leiden,WO Bachelor,
https://www.studiekeuze123.nl/opleidingen/1056-international-and-european-law-rijksuniversiteit-groningen-wo-bachelor,International and European Law,Rijksuniversiteit Groningen,WO Bachelor,
https://www.studiekeuze123.nl/opleidingen/983-internationale-betrekkingen-en-internationale-organisatie-rijksuniversiteit-groningen-wo-bachelor,Internationale Betrekkingen en Internationale Organisatie,Rijksuniversiteit Groningen,WO Bachelor,
https://www.studiekeuze123.nl/opleidingen/1321-internationale-ontwikkelingsstudies-wageningen-university-research-wo-bachelor,Internationale Ontwikkelingsstudies,Wageningen University,WO Bachelor,
https://www.studiekeuze123.nl/opleidingen/9034-islam-en-arabisch-universiteit-utrecht-wo-bachelor,Islam en Arabisch,Universiteit Utrecht,WO Bachelor,
https://www.studiekeuze123.nl/opleidingen/535-italiaanse-taal-en-cultuur-universiteit-utrecht-wo-bachelor,Italiaanse Taal en Cultuur,Universiteit Utrecht,WO Bachelor,
https://www.studiekeuze123.nl/opleidingen/534-italiaanse-taal-en-cultuur-universiteit-leiden-wo-bachelor,Italiaanse Taal en Cultuur,Universiteit Leiden,WO Bachelor,
https://www.studiekeuze123.nl/opleidingen/536-italiaanse-taal-en-cultuur-universiteit-van-amsterdam-wo-bachelor,Italiaanse Taal en Cultuur,Universiteit van Amsterdam,WO Bachelor,
https://www.studiekeuze123.nl/opleidingen/779-japanstudies-universiteit-leiden-wo-bachelor,Japanstudies,Universiteit Leiden,WO Bachelor,
https://www.studiekeuze123.nl/opleidingen/519-keltische-talen-en-cultuur-universiteit-utrecht-wo-bachelor,Keltische Talen en Cultuur,Universiteit Utrecht,WO Bachelor,
https://www.studiekeuze123.nl/opleidingen/1341-klinische-technologie-universiteit-twente-wo-bachelor,Klinische Technologie,Universiteit Twente,WO Bachelor,
https://www.studiekeuze123.nl/opleidingen/10827-klinische-technologie-joint-degree-technische-universiteit-delft-wo-bachelor,Klinische Technologie, list-inline-separator ,Technische Universiteit Delft,WO Bachelor
https://www.studiekeuze123.nl/opleidingen/783-koreastudies-universiteit-leiden-wo-bachelor,Koreastudies,Universiteit Leiden,WO Bachelor,
https://www.studiekeuze123.nl/opleidingen/9255-krijgswetenschappen-faculteit-militaire-wetenschappen-wo-bachelor,Krijgswetenschappen,Faculteit Militaire Wetenschappen,WO Bachelor,
https://www.studiekeuze123.nl/opleidingen/829-kunsten-cultuur-en-media-rijksuniversiteit-groningen-wo-bachelor,"Kunsten, Cultuur en Media",Rijksuniversiteit Groningen,WO Bachelor,
https://www.studiekeuze123.nl/opleidingen/822-kunstgeschiedenis-radboud-universiteit-wo-bachelor,Kunstgeschiedenis,Radboud Universiteit Nijmegen,WO Bachelor,
https://www.studiekeuze123.nl/opleidingen/820-kunstgeschiedenis-universiteit-van-amsterdam-wo-bachelor,Kunstgeschiedenis,Universiteit van Amsterdam,WO Bachelor,
https://www.studiekeuze123.nl/opleidingen/818-kunstgeschiedenis-rijksuniversiteit-groningen-wo-bachelor,Kunstgeschiedenis,Rijksuniversiteit Groningen,WO Bachelor,
https://www.studiekeuze123.nl/opleidingen/819-kunstgeschiedenis-universiteit-utrecht-wo-bachelor,Kunstgeschiedenis,Universiteit Utrecht,WO Bachelor,
https://www.studiekeuze123.nl/opleidingen/817-kunstgeschiedenis-universiteit-leiden-wo-bachelor,Kunstgeschiedenis,Universiteit Leiden,WO Bachelor,
https://www.studiekeuze123.nl/opleidingen/1644-kunstmatige-intelligentie-universiteit-van-amsterdam-wo-bachelor,Kunstmatige Intelligentie,Universiteit van Amsterdam,WO Bachelor,
https://www.studiekeuze123.nl/opleidingen/1643-kunstmatige-intelligentie-universiteit-utrecht-wo-bachelor,Kunstmatige Intelligentie,Universiteit Utrecht,WO Bachelor,
https://www.studiekeuze123.nl/opleidingen/1642-kunstmatige-intelligentie-rijksuniversiteit-groningen-wo-bachelor,Kunstmatige Intelligentie,Rijksuniversiteit Groningen,WO Bachelor,
https://www.studiekeuze123.nl/opleidingen/1442-landschapsarchitectuur-en-ruimtelijke-planning-wageningen-university-research-wo-bachelor,Landschapsarchitectuur en ruimtelijke planning,Wageningen University,WO Bachelor,
https://www.studiekeuze123.nl/opleidingen/530-latijns-amerikastudies-universiteit-leiden-wo-bachelor,Latijns-Amerikastudies,Universiteit Leiden,WO Bachelor,
https://www.studiekeuze123.nl/opleidingen/20256-law-in-society-vrije-universiteit-amsterdam-wo-bachelor,Law in Society,Vrije Universiteit Amsterdam,WO Bachelor,
https://www.studiekeuze123.nl/opleidingen/10018-liberal-arts-and-sciences-erasmus-universiteit-rotterdam-wo-bachelor,Liberal Arts and Sciences,Erasmus Universiteit Rotterdam,WO Bachelor,
https://www.studiekeuze123.nl/opleidingen/1844-liberal-arts-and-sciences-universiteit-utrecht-wo-bachelor,Liberal Arts and Sciences,Universiteit Utrecht,WO Bachelor,
https://www.studiekeuze123.nl/opleidingen/1843-liberal-arts-and-sciences-university-college-roosevelt-universiteit-utrecht-wo-bachelor,Liberal Arts and Sciences,Universiteit Utrecht,WO Bachelor,
https://www.studiekeuze123.nl/opleidingen/7004-liberal-arts-and-sciences-tilburg-university-wo-bachelor,Liberal Arts and Sciences,Tilburg University,WO Bachelor,
https://www.studiekeuze123.nl/opleidingen/11046-liberal-arts-and-sciences-maastricht-university-wo-bachelor,Liberal Arts and Sciences,Universiteit Maastricht,WO Bachelor,
https://www.studiekeuze123.nl/opleidingen/10834-liberal-arts-and-sciences-rijksuniversiteit-groningen-wo-bachelor,Liberal Arts and Sciences,Rijksuniversiteit Groningen,WO Bachelor,
https://www.studiekeuze123.nl/opleidingen/6887-liberal-arts-and-sciences-maastricht-university-wo-bachelor,Liberal Arts and Sciences,Universiteit Maastricht,WO Bachelor,
https://www.studiekeuze123.nl/opleidingen/9257-liberal-arts-and-sciences-joint-degree-vrije-universiteit-amsterdam-wo-bachelor,Liberal Arts and Sciences,Universiteit van Amsterdam,WO Bachelor,
https://www.studiekeuze123.nl/opleidingen/7368-liberal-arts-and-sciences-global-challenges-universiteit-leiden-wo-bachelor,Liberal Arts and Sciences: Global Challenges,Universiteit Leiden,WO Bachelor,
https://www.studiekeuze123.nl/opleidingen/1813-life-science-and-technology-rijksuniversiteit-groningen-wo-bachelor,Life Science and Technology,Rijksuniversiteit Groningen,WO Bachelor,
https://www.studiekeuze123.nl/opleidingen/8320-life-science-and-technology-joint-degree-universiteit-leiden-wo-bachelor,Life Science and Technology,Technische Universiteit Delft,WO Bachelor,
https://www.studiekeuze123.nl/opleidingen/10020-literatuur-en-samenleving-vrije-universiteit-amsterdam-wo-bachelor,Literatuur en Samenleving,Vrije Universiteit Amsterdam,WO Bachelor,
https://www.studiekeuze123.nl/opleidingen/562-literatuurwetenschap-universiteit-utrecht-wo-bachelor,Literatuurwetenschap,Universiteit Utrecht,WO Bachelor,
https://www.studiekeuze123.nl/opleidingen/563-literatuurwetenschap-universiteit-van-amsterdam-wo-bachelor,Literatuurwetenschap,Universiteit van Amsterdam,WO Bachelor,
https://www.studiekeuze123.nl/opleidingen/1736-luchtvaart-en-ruimtevaarttechniek-technische-universiteit-delft-wo-bachelor,Luchtvaart- en Ruimtevaarttechniek,Technische Universiteit Delft,WO Bachelor,
https://www.studiekeuze123.nl/opleidingen/986-management-society-and-technology-universiteit-twente-wo-bachelor,"Management, Society and Technology",Universiteit Twente,WO Bachelor,
https://www.studiekeuze123.nl/opleidingen/1737-maritieme-techniek-technische-universiteit-delft-wo-bachelor,Maritieme Techniek,Technische Universiteit Delft,WO Bachelor,
https://www.studiekeuze123.nl/opleidingen/1543-mathematics-vrije-universiteit-amsterdam-wo-bachelor,Mathematics,Vrije Universiteit Amsterdam,WO Bachelor,
https://www.studiekeuze123.nl/opleidingen/830-media-en-cultuur-universiteit-van-amsterdam-wo-bachelor,Media en Cultuur,Universiteit van Amsterdam,WO Bachelor,
https://www.studiekeuze123.nl/opleidingen/833-media-en-cultuur-universiteit-utrecht-wo-bachelor,Media en Cultuur,Universiteit Utrecht,WO Bachelor,
https://www.studiekeuze123.nl/opleidingen/11165-media-en-cultuur-rijksuniversiteit-groningen-wo-bachelor,Media en Cultuur,Rijksuniversiteit Groningen,WO Bachelor,
https://www.studiekeuze123.nl/opleidingen/608-media-en-informatie-universiteit-van-amsterdam-wo-bachelor,Media en informatie,Universiteit van Amsterdam,WO Bachelor,
https://www.studiekeuze123.nl/opleidingen/10019-media-kunst-design-en-architectuur-vrije-universiteit-amsterdam-wo-bachelor,"Media, Kunst, Design en Architectuur",Vrije Universiteit Amsterdam,WO Bachelor,
https://www.studiekeuze123.nl/opleidingen/1367-medische-informatiekunde-universiteit-van-amsterdam-wo-bachelor,Medische Informatiekunde,Universiteit van Amsterdam,WO Bachelor,
https://www.studiekeuze123.nl/opleidingen/1368-medische-natuurwetenschappen-vrije-universiteit-amsterdam-wo-bachelor,Medische Natuurwetenschappen,Vrije Universiteit Amsterdam,WO Bachelor,
https://www.studiekeuze123.nl/opleidingen/7370-midden-oostenstudies-universiteit-leiden-wo-bachelor,Midden-Oostenstudies,Universiteit Leiden,WO Bachelor,
https://www.studiekeuze123.nl/opleidingen/9692-midden-oostenstudies-rijksuniversiteit-groningen-wo-bachelor,Midden-Oostenstudies,Rijksuniversiteit Groningen,WO Bachelor,
https://www.studiekeuze123.nl/opleidingen/5382-milieu-natuurwetenschappen-open-universiteit-wo-bachelor,Milieu-natuurwetenschappen,Open Universiteit,WO Bachelor,
https://www.studiekeuze123.nl/opleidingen/9251-militaire-bedrijfswetenschappen-faculteit-militaire-wetenschappen-wo-bachelor,Militaire Bedrijfswetenschappen,Faculteit Militaire Wetenschappen,WO Bachelor,
https://www.studiekeuze123.nl/opleidingen/9254-militaire-systemen-technologie-faculteit-militaire-wetenschappen-wo-bachelor,Militaire Systemen &amp; Technologie,Faculteit Militaire Wetenschappen,WO Bachelor,
https://www.studiekeuze123.nl/opleidingen/514-minorities-multilingualism-rijksuniversiteit-groningen-wo-bachelor,Minorities &amp; Multilingualism,Rijksuniversiteit Groningen,WO Bachelor,
https://www.studiekeuze123.nl/opleidingen/1815-moleculaire-levenswetenschappen-wageningen-university-research-wo-bachelor,Moleculaire Levenswetenschappen,Wageningen University,WO Bachelor,
https://www.studiekeuze123.nl/opleidingen/1364-molecular-life-sciences-radboud-universiteit-wo-bachelor,Molecular Life Sciences,Radboud Universiteit Nijmegen,WO Bachelor,
https://www.studiekeuze123.nl/opleidingen/8322-molecular-science-and-technology-joint-degree-universiteit-leiden-wo-bachelor,Molecular Science and Technology,Universiteit Leiden,WO Bachelor,
https://www.studiekeuze123.nl/opleidingen/832-muziekwetenschap-universiteit-van-amsterdam-wo-bachelor,Muziekwetenschap,Universiteit van Amsterdam,WO Bachelor,
https://www.studiekeuze123.nl/opleidingen/831-muziekwetenschap-universiteit-utrecht-wo-bachelor,Muziekwetenschap,Universiteit Utrecht,WO Bachelor,
https://www.studiekeuze123.nl/opleidingen/9690-nanobiologie-joint-degree-technische-universiteit-delft-wo-bachelor,Nanobiologie,Technische Universiteit Delft,WO Bachelor,
https://www.studiekeuze123.nl/opleidingen/1554-natuur-en-sterrenkunde-universiteit-utrecht-wo-bachelor,Natuur- en Sterrenkunde,Universiteit Utrecht,WO Bachelor,
https://www.studiekeuze123.nl/opleidingen/1557-natuur-en-sterrenkunde-radboud-universiteit-wo-bachelor,Natuur- en Sterrenkunde,Radboud Universiteit Nijmegen,WO Bachelor,
https://www.studiekeuze123.nl/opleidingen/1555-natuur-en-sterrenkunde-joint-degree-universiteit-van-amsterdam-wo-bachelor,Natuur- en Sterrenkunde,Universiteit van Amsterdam,WO Bachelor,
https://www.studiekeuze123.nl/opleidingen/1550-natuurkunde-universiteit-leiden-wo-bachelor,Natuurkunde,Universiteit Leiden,WO Bachelor,
https://www.studiekeuze123.nl/opleidingen/1552-natuurkunde-rijksuniversiteit-groningen-wo-bachelor,Natuurkunde,Rijksuniversiteit Groningen,WO Bachelor,
https://www.studiekeuze123.nl/opleidingen/1686-natuurwetenschap-en-innovatiemanagement-universiteit-utrecht-wo-bachelor,Natuurwetenschap en Innovatiemanagement,Universiteit Utrecht,WO Bachelor,
https://www.studiekeuze123.nl/opleidingen/512-nederlandkundedutch-studies-universiteit-leiden-wo-bachelor,Nederlandkunde/Dutch Studies,Universiteit Leiden,WO Bachelor,
https://www.studiekeuze123.nl/opleidingen/511-nederlandse-taal-en-cultuur-universiteit-leiden-wo-bachelor,Nederlandse Taal en Cultuur,Universiteit Leiden,WO Bachelor,
https://www.studiekeuze123.nl/opleidingen/516-nederlandse-taal-en-cultuur-universiteit-van-amsterdam-wo-bachelor,Nederlandse Taal en Cultuur,Universiteit van Amsterdam,WO Bachelor,
https://www.studiekeuze123.nl/opleidingen/515-nederlandse-taal-en-cultuur-universiteit-utrecht-wo-bachelor,Nederlandse Taal en Cultuur,Universiteit Utrecht,WO Bachelor,
https://www.studiekeuze123.nl/opleidingen/518-nederlandse-taal-en-cultuur-radboud-universiteit-wo-bachelor,Nederlandse Taal en Cultuur,Radboud Universiteit Nijmegen,WO Bachelor,
https://www.studiekeuze123.nl/opleidingen/513-nederlandse-taal-en-cultuur-rijksuniversiteit-groningen-wo-bachelor,Nederlandse Taal en Cultuur,Rijksuniversiteit Groningen,WO Bachelor,
https://www.studiekeuze123.nl/opleidingen/557-nieuwgriekse-taal-en-cultuur-universiteit-van-amsterdam-wo-bachelor,Nieuwgriekse Taal en Cultuur,Universiteit van Amsterdam,WO Bachelor,
https://www.studiekeuze123.nl/opleidingen/973-notarieel-recht-radboud-universiteit-wo-bachelor,Notarieel Recht,Radboud Universiteit Nijmegen,WO Bachelor,
https://www.studiekeuze123.nl/opleidingen/972-notarieel-recht-vrije-universiteit-amsterdam-wo-bachelor,Notarieel Recht,Vrije Universiteit Amsterdam,WO Bachelor,
https://www.studiekeuze123.nl/opleidingen/969-notarieel-recht-universiteit-leiden-wo-bachelor,Notarieel Recht,Universiteit Leiden,WO Bachelor,
https://www.studiekeuze123.nl/opleidingen/360-onderwijswetenschappen-universiteit-utrecht-wo-bachelor,Onderwijswetenschappen,Universiteit Utrecht,WO Bachelor,
https://www.studiekeuze123.nl/opleidingen/20090-onderwijswetenschappen-universiteit-van-amsterdam-wo-bachelor,Onderwijswetenschappen,Universiteit van Amsterdam,WO Bachelor,
https://www.studiekeuze123.nl/opleidingen/990-organisatiewetenschappen-tilburg-university-wo-bachelor,Organisatiewetenschappen,Tilburg University,WO Bachelor,
https://www.studiekeuze123.nl/opleidingen/7371-oude-nabije-oosten-studies-universiteit-leiden-wo-bachelor,Oude Nabije Oosten-studies,Universiteit Leiden,WO Bachelor,
https://www.studiekeuze123.nl/opleidingen/41-oudheidwetenschappen-universiteit-van-amsterdam-wo-bachelor,Oudheidwetenschappen,Universiteit van Amsterdam,WO Bachelor,
https://www.studiekeuze123.nl/opleidingen/919-oudheidwetenschappen-vrije-universiteit-amsterdam-wo-bachelor,Oudheidwetenschappen,Vrije Universiteit Amsterdam,WO Bachelor,
https://www.studiekeuze123.nl/opleidingen/356-pedagogische-wetenschappen-universiteit-van-amsterdam-wo-bachelor,Pedagogische Wetenschappen,Universiteit van Amsterdam,WO Bachelor,
https://www.studiekeuze123.nl/opleidingen/357-pedagogische-wetenschappen-vrije-universiteit-amsterdam-wo-bachelor,Pedagogische Wetenschappen,Vrije Universiteit Amsterdam,WO Bachelor,
https://www.studiekeuze123.nl/opleidingen/355-pedagogische-wetenschappen-universiteit-utrecht-wo-bachelor,Pedagogische Wetenschappen,Universiteit Utrecht,WO Bachelor,
https://www.studiekeuze123.nl/opleidingen/354-pedagogische-wetenschappen-rijksuniversiteit-groningen-wo-bachelor,Pedagogische Wetenschappen,Rijksuniversiteit Groningen,WO Bachelor,
https://www.studiekeuze123.nl/opleidingen/358-pedagogische-wetenschappen-radboud-universiteit-wo-bachelor,Pedagogische Wetenschappen,Radboud Universiteit Nijmegen,WO Bachelor,
https://www.studiekeuze123.nl/opleidingen/353-pedagogische-wetenschappen-universiteit-leiden-wo-bachelor,Pedagogische Wetenschappen,Universiteit Leiden,WO Bachelor,
https://www.studiekeuze123.nl/opleidingen/8539-pedagogische-wetenschappen-erasmus-universiteit-rotterdam-wo-bachelor,Pedagogische Wetenschappen,Erasmus Universiteit Rotterdam,WO Bachelor,
https://www.studiekeuze123.nl/opleidingen/20093-pedagogische-wetenschappen-van-primair-onderwijs-radboud-universiteit-wo-bachelor,Pedagogische Wetenschappen van Primair Onderwijs,Radboud Universiteit Nijmegen,WO Bachelor,
https://www.studiekeuze123.nl/opleidingen/1313-personeelwetenschappen-tilburg-university-wo-bachelor,Personeelwetenschappen,Tilburg University,WO Bachelor,
https://www.studiekeuze123.nl/opleidingen/20082-philosophy-politics-economics-universiteit-utrecht-wo-bachelor,"Philosophy, Politics &amp; Economics",Universiteit Utrecht,WO Bachelor,
https://www.studiekeuze123.nl/opleidingen/11249-philosophy-politics-and-economics-vrije-universiteit-amsterdam-wo-bachelor,"Philosophy, Politics and Economics",Vrije Universiteit Amsterdam,WO Bachelor,
https://www.studiekeuze123.nl/opleidingen/1473-plantenwetenschappen-wageningen-university-research-wo-bachelor,Plantenwetenschappen,Wageningen University,WO Bachelor,
https://www.studiekeuze123.nl/opleidingen/980-politicologie-vrije-universiteit-amsterdam-wo-bachelor,Politicologie,Vrije Universiteit Amsterdam,WO Bachelor,
https://www.studiekeuze123.nl/opleidingen/977-politicologie-universiteit-leiden-wo-bachelor,Politicologie,Universiteit Leiden,WO Bachelor,
https://www.studiekeuze123.nl/opleidingen/19064-politicologie-universiteit-leiden-wo-bachelor,Politicologie,Universiteit Leiden,WO Bachelor,
https://www.studiekeuze123.nl/opleidingen/981-politicologie-radboud-universiteit-wo-bachelor,Politicologie,Radboud Universiteit Nijmegen,WO Bachelor,
https://www.studiekeuze123.nl/opleidingen/979-politicologie-universiteit-van-amsterdam-wo-bachelor,Politicologie,Universiteit van Amsterdam,WO Bachelor,
https://www.studiekeuze123.nl/opleidingen/10961-politics-psychology-law-and-economics-universiteit-van-amsterdam-wo-bachelor,"Politics, Psychology, Law and Economics",Universiteit van Amsterdam,WO Bachelor,
https://www.studiekeuze123.nl/opleidingen/1474-psychobiologie-universiteit-van-amsterdam-wo-bachelor,Psychobiologie,Universiteit van Amsterdam,WO Bachelor,
https://www.studiekeuze123.nl/opleidingen/1327-psychologie-universiteit-twente-wo-bachelor,Psychologie,Universiteit Twente,WO Bachelor,
https://www.studiekeuze123.nl/opleidingen/1325-psychologie-universiteit-utrecht-wo-bachelor,Psychologie,Universiteit Utrecht,WO Bachelor,
https://www.studiekeuze123.nl/opleidingen/1323-psychologie-universiteit-leiden-wo-bachelor,Psychologie,Universiteit Leiden,WO Bachelor,
https://www.studiekeuze123.nl/opleidingen/1330-psychologie-vrije-universiteit-amsterdam-wo-bachelor,Psychologie,Vrije Universiteit Amsterdam,WO Bachelor,
https://www.studiekeuze123.nl/opleidingen/5147-psychologie-open-universiteit-wo-bachelor,Psychologie,Open Universiteit,WO Bachelor,
https://www.studiekeuze123.nl/opleidingen/1332-psychologie-tilburg-university-wo-bachelor,Psychologie,Tilburg University,WO Bachelor,
https://www.studiekeuze123.nl/opleidingen/1331-psychologie-radboud-universiteit-wo-bachelor,Psychologie,Radboud Universiteit Nijmegen,WO Bachelor,
https://www.studiekeuze123.nl/opleidingen/19849-psychologie-erasmus-universiteit-rotterdam-wo-bachelor,Psychologie,Erasmus Universiteit Rotterdam,WO Bachelor,
https://www.studiekeuze123.nl/opleidingen/1324-psychologie-rijksuniversiteit-groningen-wo-bachelor,Psychologie,Rijksuniversiteit Groningen,WO Bachelor,
https://www.studiekeuze123.nl/opleidingen/1329-psychologie-universiteit-van-amsterdam-wo-bachelor,Psychologie,Universiteit van Amsterdam,WO Bachelor,
https://www.studiekeuze123.nl/opleidingen/1328-psychologie-maastricht-university-wo-bachelor,Psychologie,Universiteit Maastricht,WO Bachelor,
https://www.studiekeuze123.nl/opleidingen/7014-rechtsgeleerdheid-radboud-universiteit-wo-bachelor,Rechtsgeleerdheid,Radboud Universiteit Nijmegen,WO Bachelor,
https://www.studiekeuze123.nl/opleidingen/7011-rechtsgeleerdheid-rijksuniversiteit-groningen-wo-bachelor,Rechtsgeleerdheid,Rijksuniversiteit Groningen,WO Bachelor,
https://www.studiekeuze123.nl/opleidingen/7012-rechtsgeleerdheid-rijksuniversiteit-groningen-wo-bachelor,Rechtsgeleerdheid,Rijksuniversiteit Groningen,WO Bachelor,
https://www.studiekeuze123.nl/opleidingen/961-rechtsgeleerdheid-universiteit-utrecht-wo-bachelor,Rechtsgeleerdheid,Universiteit Utrecht,WO Bachelor,
https://www.studiekeuze123.nl/opleidingen/7013-rechtsgeleerdheid-maastricht-university-wo-bachelor,Rechtsgeleerdheid,Universiteit Maastricht,WO Bachelor,
https://www.studiekeuze123.nl/opleidingen/6984-rechtsgeleerdheid-tilburg-university-wo-bachelor,Rechtsgeleerdheid,Tilburg University,WO Bachelor,
https://www.studiekeuze123.nl/opleidingen/964-rechtsgeleerdheid-universiteit-van-amsterdam-wo-bachelor,Rechtsgeleerdheid,Universiteit van Amsterdam,WO Bachelor,
https://www.studiekeuze123.nl/opleidingen/1854-rechtsgeleerdheid-vrije-universiteit-amsterdam-wo-bachelor,Rechtsgeleerdheid,Vrije Universiteit Amsterdam,WO Bachelor,
https://www.studiekeuze123.nl/opleidingen/7015-rechtsgeleerdheid-open-universiteit-wo-bachelor,Rechtsgeleerdheid,Open Universiteit,WO Bachelor,
https://www.studiekeuze123.nl/opleidingen/954-rechtsgeleerdheid-universiteit-leiden-wo-bachelor,Rechtsgeleerdheid,Universiteit Leiden,WO Bachelor,
https://www.studiekeuze123.nl/opleidingen/6983-rechtsgeleerdheid-erasmus-universiteit-rotterdam-wo-bachelor,Rechtsgeleerdheid,Erasmus Universiteit Rotterdam,WO Bachelor,
https://www.studiekeuze123.nl/opleidingen/10761-religiewetenschappen-universiteit-leiden-wo-bachelor,Religiewetenschappen,Universiteit Leiden,WO Bachelor,
https://www.studiekeuze123.nl/opleidingen/809-religiewetenschappen-radboud-universiteit-wo-bachelor,Religiewetenschappen,Radboud Universiteit Nijmegen,WO Bachelor,
https://www.studiekeuze123.nl/opleidingen/802-religiewetenschappen-universiteit-utrecht-wo-bachelor,Religiewetenschappen,Universiteit Utrecht,WO Bachelor,
https://www.studiekeuze123.nl/opleidingen/807-religiewetenschappen-universiteit-van-amsterdam-wo-bachelor,Religiewetenschappen,Universiteit van Amsterdam,WO Bachelor,
https://www.studiekeuze123.nl/opleidingen/10766-religiewetenschappen-rijksuniversiteit-groningen-wo-bachelor,Religiewetenschappen,Rijksuniversiteit Groningen,WO Bachelor,
https://www.studiekeuze123.nl/opleidingen/540-romaanse-talen-en-culturen-radboud-universiteit-wo-bachelor,Romaanse Talen en Culturen,Radboud Universiteit Nijmegen,WO Bachelor,
https://www.studiekeuze123.nl/opleidingen/8538-russische-studies-universiteit-leiden-wo-bachelor,Russische Studies,Universiteit Leiden,WO Bachelor,
https://www.studiekeuze123.nl/opleidingen/548-scandinavische-talen-en-culturen-universiteit-van-amsterdam-wo-bachelor,Scandinavische Talen en Culturen,Universiteit van Amsterdam,WO Bachelor,
https://www.studiekeuze123.nl/opleidingen/1650-scheikunde-rijksuniversiteit-groningen-wo-bachelor,Scheikunde,Rijksuniversiteit Groningen,WO Bachelor,
https://www.studiekeuze123.nl/opleidingen/1651-scheikunde-universiteit-utrecht-wo-bachelor,Scheikunde,Universiteit Utrecht,WO Bachelor,
https://www.studiekeuze123.nl/opleidingen/1652-scheikunde-joint-degree-universiteit-van-amsterdam-wo-bachelor,Scheikunde,Universiteit van Amsterdam,WO Bachelor,
https://www.studiekeuze123.nl/opleidingen/1658-scheikundige-technologie-universiteit-twente-wo-bachelor,Scheikundige Technologie,Universiteit Twente,WO Bachelor,
https://www.studiekeuze123.nl/opleidingen/1655-scheikundige-technologie-rijksuniversiteit-groningen-wo-bachelor,Scheikundige Technologie,Rijksuniversiteit Groningen,WO Bachelor,
https://www.studiekeuze123.nl/opleidingen/1657-scheikundige-technologie-technische-universiteit-eindhoven-wo-bachelor,Scheikundige Technologie,Technische Universiteit Eindhoven,WO Bachelor,
https://www.studiekeuze123.nl/opleidingen/9035-science-radboud-universiteit-wo-bachelor,Science,Radboud Universiteit Nijmegen,WO Bachelor,
https://www.studiekeuze123.nl/opleidingen/7843-science-business-innovation-vrije-universiteit-amsterdam-wo-bachelor,"Science, Business &amp; Innovation",Vrije Universiteit Amsterdam,WO Bachelor,
https://www.studiekeuze123.nl/opleidingen/19873-security-studies-universiteit-leiden-wo-bachelor,Security Studies,Universiteit Leiden,WO Bachelor,
https://www.studiekeuze123.nl/opleidingen/553-slavische-talen-en-culturen-universiteit-van-amsterdam-wo-bachelor,Slavische Talen en Culturen,Universiteit van Amsterdam,WO Bachelor,
https://www.studiekeuze123.nl/opleidingen/7375-sociale-geografie-en-planologie-universiteit-van-amsterdam-wo-bachelor,Sociale Geografie en Planologie,Universiteit van Amsterdam,WO Bachelor,
https://www.studiekeuze123.nl/opleidingen/1438-sociale-geografie-en-planologie-universiteit-utrecht-wo-bachelor,Sociale Geografie en Planologie,Universiteit Utrecht,WO Bachelor,
https://www.studiekeuze123.nl/opleidingen/1436-sociale-geografie-en-planologie-rijksuniversiteit-groningen-wo-bachelor,Sociale Geografie en Planologie,Rijksuniversiteit Groningen,WO Bachelor,
https://www.studiekeuze123.nl/opleidingen/1305-sociologie-rijksuniversiteit-groningen-wo-bachelor,Sociologie,Rijksuniversiteit Groningen,WO Bachelor,
https://www.studiekeuze123.nl/opleidingen/1309-sociologie-radboud-universiteit-wo-bachelor,Sociologie,Radboud Universiteit Nijmegen,WO Bachelor,
https://www.studiekeuze123.nl/opleidingen/1307-sociologie-erasmus-universiteit-rotterdam-wo-bachelor,Sociologie,Erasmus Universiteit Rotterdam,WO Bachelor,
https://www.studiekeuze123.nl/opleidingen/1308-sociologie-universiteit-van-amsterdam-wo-bachelor,Sociologie,Universiteit van Amsterdam,WO Bachelor,
https://www.studiekeuze123.nl/opleidingen/1311-sociologie-vrije-universiteit-amsterdam-wo-bachelor,Sociologie,Vrije Universiteit Amsterdam,WO Bachelor,
https://www.studiekeuze123.nl/opleidingen/1310-sociologie-tilburg-university-wo-bachelor,Sociologie,Tilburg University,WO Bachelor,
https://www.studiekeuze123.nl/opleidingen/1306-sociologie-universiteit-utrecht-wo-bachelor,Sociologie,Universiteit Utrecht,WO Bachelor,
https://www.studiekeuze123.nl/opleidingen/1448-soil-water-atmosphere-wageningen-university-research-wo-bachelor,"Soil, Water, Atmosphere",Wageningen University,WO Bachelor,
https://www.studiekeuze123.nl/opleidingen/533-spaanse-taal-en-cultuur-universiteit-van-amsterdam-wo-bachelor,Spaanse Taal en Cultuur,Universiteit van Amsterdam,WO Bachelor,
https://www.studiekeuze123.nl/opleidingen/532-spaanse-taal-en-cultuur-universiteit-utrecht-wo-bachelor,Spaanse Taal en Cultuur,Universiteit Utrecht,WO Bachelor,
https://www.studiekeuze123.nl/opleidingen/1553-sterrenkunde-rijksuniversiteit-groningen-wo-bachelor,Sterrenkunde,Rijksuniversiteit Groningen,WO Bachelor,
https://www.studiekeuze123.nl/opleidingen/1551-sterrenkunde-universiteit-leiden-wo-bachelor,Sterrenkunde,Universiteit Leiden,WO Bachelor,
https://www.studiekeuze123.nl/opleidingen/571-taal-en-cultuurstudies-universiteit-utrecht-wo-bachelor,Taal- en Cultuurstudies,Universiteit Utrecht,WO Bachelor,
https://www.studiekeuze123.nl/opleidingen/568-taalwetenschap-universiteit-van-amsterdam-wo-bachelor,Taalwetenschap,Universiteit van Amsterdam,WO Bachelor,
https://www.studiekeuze123.nl/opleidingen/566-taalwetenschap-rijksuniversiteit-groningen-wo-bachelor,Taalwetenschap,Rijksuniversiteit Groningen,WO Bachelor,
https://www.studiekeuze123.nl/opleidingen/565-taalwetenschap-universiteit-leiden-wo-bachelor,Taalwetenschap,Universiteit Leiden,WO Bachelor,
https://www.studiekeuze123.nl/opleidingen/570-taalwetenschap-radboud-universiteit-wo-bachelor,Taalwetenschap,Radboud Universiteit Nijmegen,WO Bachelor,
https://www.studiekeuze123.nl/opleidingen/567-taalwetenschap-universiteit-utrecht-wo-bachelor,Taalwetenschap,Universiteit Utrecht,WO Bachelor,
https://www.studiekeuze123.nl/opleidingen/1345-tandheelkunde-universiteit-van-amsterdam-wo-bachelor,Tandheelkunde,Universiteit van Amsterdam,WO Bachelor,
https://www.studiekeuze123.nl/opleidingen/1347-tandheelkunde-radboud-universiteit-wo-bachelor,Tandheelkunde,Radboud Universiteit Nijmegen,WO Bachelor,
https://www.studiekeuze123.nl/opleidingen/1344-tandheelkunde-rijksuniversiteit-groningen-wo-bachelor,Tandheelkunde,Rijksuniversiteit Groningen,WO Bachelor,
https://www.studiekeuze123.nl/opleidingen/1346-tandheelkunde-vrije-universiteit-amsterdam-wo-bachelor,Tandheelkunde,Vrije Universiteit Amsterdam,WO Bachelor,
https://www.studiekeuze123.nl/opleidingen/1575-technical-computer-science-universiteit-twente-wo-bachelor,Technical Computer Science,Universiteit Twente,WO Bachelor,
https://www.studiekeuze123.nl/opleidingen/1447-technische-aardwetenschappen-technische-universiteit-delft-wo-bachelor,Technische Aardwetenschappen,Technische Universiteit Delft,WO Bachelor,
https://www.studiekeuze123.nl/opleidingen/1164-technische-bedrijfskunde-universiteit-twente-wo-bachelor,Technische Bedrijfskunde,Universiteit Twente,WO Bachelor,
https://www.studiekeuze123.nl/opleidingen/1163-technische-bedrijfskunde-technische-universiteit-eindhoven-wo-bachelor,Technische Bedrijfskunde,Technische Universiteit Eindhoven,WO Bachelor,
https://www.studiekeuze123.nl/opleidingen/1162-technische-bedrijfskunde-rijksuniversiteit-groningen-wo-bachelor,Technische Bedrijfskunde,Rijksuniversiteit Groningen,WO Bachelor,
https://www.studiekeuze123.nl/opleidingen/1688-technische-bestuurskunde-technische-universiteit-delft-wo-bachelor,Technische Bestuurskunde,Technische Universiteit Delft,WO Bachelor,
https://www.studiekeuze123.nl/opleidingen/1573-technische-informatica-technische-universiteit-delft-wo-bachelor,Technische Informatica,Technische Universiteit Delft,WO Bachelor,
https://www.studiekeuze123.nl/opleidingen/1574-technische-informatica-technische-universiteit-eindhoven-wo-bachelor,Technische Informatica,Technische Universiteit Eindhoven,WO Bachelor,
https://www.studiekeuze123.nl/opleidingen/1690-technische-innovatiewetenschappen-technische-universiteit-eindhoven-wo-bachelor,Technische Innovatiewetenschappen,Technische Universiteit Eindhoven,WO Bachelor,
https://www.studiekeuze123.nl/opleidingen/1561-technische-natuurkunde-universiteit-twente-wo-bachelor,Technische Natuurkunde,Universiteit Twente,WO Bachelor,
https://www.studiekeuze123.nl/opleidingen/1559-technische-natuurkunde-technische-universiteit-delft-wo-bachelor,Technische Natuurkunde,Technische Universiteit Delft,WO Bachelor,
https://www.studiekeuze123.nl/opleidingen/1560-technische-natuurkunde-technische-universiteit-eindhoven-wo-bachelor,Technische Natuurkunde,Technische Universiteit Eindhoven,WO Bachelor,
https://www.studiekeuze123.nl/opleidingen/1558-technische-natuurkunde-rijksuniversiteit-groningen-wo-bachelor,Technische Natuurkunde,Rijksuniversiteit Groningen,WO Bachelor,
https://www.studiekeuze123.nl/opleidingen/1437-technische-planologie-rijksuniversiteit-groningen-wo-bachelor,Technische Planologie,Rijksuniversiteit Groningen,WO Bachelor,
https://www.studiekeuze123.nl/opleidingen/1547-technische-wiskunde-technische-universiteit-eindhoven-wo-bachelor,Technische Wiskunde,Technische Universiteit Eindhoven,WO Bachelor,
https://www.studiekeuze123.nl/opleidingen/1545-technische-wiskunde-rijksuniversiteit-groningen-wo-bachelor,Technische Wiskunde,Rijksuniversiteit Groningen,WO Bachelor,
https://www.studiekeuze123.nl/opleidingen/1546-technische-wiskunde-technische-universiteit-delft-wo-bachelor,Technische Wiskunde,Technische Universiteit Delft,WO Bachelor,
https://www.studiekeuze123.nl/opleidingen/9924-technology-and-liberal-arts-sciences-universiteit-twente-wo-bachelor,Technology and Liberal Arts &amp; Sciences,Universiteit Twente,WO Bachelor,
https://www.studiekeuze123.nl/opleidingen/834-theaterwetenschap-universiteit-van-amsterdam-wo-bachelor,Theaterwetenschap,Universiteit van Amsterdam,WO Bachelor,
https://www.studiekeuze123.nl/opleidingen/5074-theologie-tilburg-university-wo-bachelor,Theologie,Tilburg University,WO Bachelor,
https://www.studiekeuze123.nl/opleidingen/801-theologie-rijksuniversiteit-groningen-wo-bachelor,Theologie,Rijksuniversiteit Groningen,WO Bachelor,
https://www.studiekeuze123.nl/opleidingen/5076-theologie-theologische-universiteit-kampen-wo-bachelor,Theologie,Protestantse Theologische Universiteit,WO Bachelor,
https://www.studiekeuze123.nl/opleidingen/804-theologie-radboud-universiteit-wo-bachelor,Theologie,Radboud Universiteit Nijmegen,WO Bachelor,
https://www.studiekeuze123.nl/opleidingen/5075-theologie-tilburg-university-wo-bachelor,Theologie,Tilburg University,WO Bachelor,
https://www.studiekeuze123.nl/opleidingen/6891-theologie-theologische-universiteit-apeldoorn-wo-bachelor,Theologie,Theologische Universiteit Apeldoorn,WO Bachelor,
https://www.studiekeuze123.nl/opleidingen/9925-theologie-joint-degree-protestantse-theologische-universiteit-wo-bachelor,Theologie,Vrije Universiteit Amsterdam,WO Bachelor,
https://www.studiekeuze123.nl/opleidingen/808-theology-and-religious-studies-vrije-universiteit-amsterdam-wo-bachelor,Theology and Religious Studies,Vrije Universiteit Amsterdam,WO Bachelor,
https://www.studiekeuze123.nl/opleidingen/9031-tourism-joint-degree-wageningen-university-research-wo-bachelor,Tourism,Breda University of Applied Sciences,WO Bachelor,
https://www.studiekeuze123.nl/opleidingen/20094-urban-studies-universiteit-leiden-wo-bachelor,Urban Studies,Universiteit Leiden,WO Bachelor,
https://www.studiekeuze123.nl/opleidingen/1361-voeding-en-gezondheid-wageningen-university-research-wo-bachelor,Voeding en Gezondheid,Wageningen University,WO Bachelor,
https://www.studiekeuze123.nl/opleidingen/7031-vrijetijdwetenschappen-breda-university-of-applied-sciences-wo-bachelor,Vrijetijdwetenschappen,Breda University of Applied Sciences,WO Bachelor,
https://www.studiekeuze123.nl/opleidingen/1732-werktuigbouwkunde-technische-universiteit-eindhoven-wo-bachelor,Werktuigbouwkunde,Technische Universiteit Eindhoven,WO Bachelor,
https://www.studiekeuze123.nl/opleidingen/1733-werktuigbouwkunde-universiteit-twente-wo-bachelor,Werktuigbouwkunde,Universiteit Twente,WO Bachelor,
https://www.studiekeuze123.nl/opleidingen/20239-werktuigbouwkunde-universiteit-twente-wo-bachelor,Werktuigbouwkunde,Universiteit Twente,WO Bachelor,
https://www.studiekeuze123.nl/opleidingen/1731-werktuigbouwkunde-technische-universiteit-delft-wo-bachelor,Werktuigbouwkunde,Technische Universiteit Delft,WO Bachelor,
https://www.studiekeuze123.nl/opleidingen/1542-wiskunde-universiteit-van-amsterdam-wo-bachelor,Wiskunde,Universiteit van Amsterdam,WO Bachelor,
https://www.studiekeuze123.nl/opleidingen/1544-wiskunde-radboud-universiteit-wo-bachelor,Wiskunde,Radboud Universiteit Nijmegen,WO Bachelor,
https://www.studiekeuze123.nl/opleidingen/1540-wiskunde-rijksuniversiteit-groningen-wo-bachelor,Wiskunde,Rijksuniversiteit Groningen,WO Bachelor,
https://www.studiekeuze123.nl/opleidingen/1541-wiskunde-universiteit-utrecht-wo-bachelor,Wiskunde,Universiteit Utrecht,WO Bachelor,
https://www.studiekeuze123.nl/opleidingen/1539-wiskunde-universiteit-leiden-wo-bachelor,Wiskunde,Universiteit Leiden,WO Bachelor,
https://www.studiekeuze123.nl/opleidingen/7845-zuid-en-zuidoost-aziestudies-universiteit-leiden-wo-bachelor,Zuid- en Zuidoost-Aziestudies,Universiteit Leiden,WO Bachelor,
